File,Label,Angle
sample_1767e50b6346.jpg,Cedula_Amarilla,181.9978798564767
sample_57331dadfe86.jpg,Cedula_Amarilla,10.124671655397815
sample_e12c7c9446cb.jpg,Cedula_Amarilla,180.0
sample_fb86137ec61c.jpg,Cedula_Amarilla,0.0
sample_bb8fef4f517b.jpg,Cedula_Amarilla,174.58813084768298
sample_2b2b45c24ce2.jpg,Cedula_Amarilla,180.0
sample_a266315ff7ec.jpg,Cedula_Amarilla,192.01147838636544
sample_e52a8362a5c8.jpg,Cedula_Amarilla,359.71352348972295
sample_9d4abca96d67.jpg,Cedula_Amarilla,0.0
sample_96a3f8655488.jpg,Cedula_Amarilla,0.0
sample_c3ce959c1cfc.jpg,Cedula_Amarilla,180.0
sample_06fec7d65645.jpg,Cedula_Amarilla,2.1080953123570025
sample_9ed1ee912c25.jpg,Cedula_Amarilla,356.6002858408767
sample_3bae93165972.jpg,Cedula_Amarilla,0.0
sample_98c5a6a8b0da.jpg,Cedula_Amarilla,7.917503034828343
sample_33c4f178a075.jpg,Cedula_Amarilla,14.606737354446995
sample_e45d8df6bc74.jpg,Cedula_Amarilla,0.0
sample_59d9afacbc53.jpg,Cedula_Amarilla,0.0
sample_8aefd62d9815.jpg,Cedula_Amarilla,180.0
sample_2de63be4eb5d.jpg,Cedula_Amarilla,164.30033145386545
sample_41fcacce1489.jpg,Cedula_Amarilla,350.7007583179366
sample_e489eb89a059.jpg,Cedula_Amarilla,0.0
sample_e2060431cecd.jpg,Cedula_Amarilla,182.108095312357
sample_1c2047940c0f.jpg,Cedula_Amarilla,4.310625824820529
sample_21dae6986201.jpg,Cedula_Amarilla,0.0
sample_5cd887e896a0.jpg,Cedula_Amarilla,180.0
sample_1e4b797356d9.jpg,Cedula_Amarilla,180.0
sample_aa0a9e88a9c9.jpg,Cedula_Amarilla,355.71846376492937
sample_113376a1b11b.jpg,Cedula_Amarilla,0.0
sample_7315b4883116.jpg,Cedula_Amarilla,0.0
sample_43c581b476a3.jpg,Cedula_Amarilla,0.0
sample_190103954ad4.jpg,Cedula_Amarilla,0.6740368979845053
sample_247558dabaa8.jpg,Cedula_Amarilla,180.0
sample_a6afd59622d9.jpg,Cedula_Amarilla,172.58134993988654
sample_700837a0bd70.jpg,Cedula_Amarilla,0.0
sample_38bce1ba7a6e.jpg,Cedula_Amarilla,0.0
sample_848d719aef08.jpg,Cedula_Amarilla,182.92734799174087
sample_1f8b3db61d2a.jpg,Cedula_Amarilla,359.16968451374197
sample_7d56d66f9a39.jpg,Cedula_Amarilla,182.94
sample_0eed404377d2.jpg,Cedula_Amarilla,2.503139779584906
sample_20ced6e2ff64.jpg,Cedula_Amarilla,6.159163029143085
sample_7bdee3979de8.jpg,Cedula_Amarilla,346.5904041329059
sample_95f21df6a7f2.jpg,Cedula_Amarilla,0.0
sample_4935f67b2f00.jpg,Cedula_Amarilla,0.0
sample_c84f0aa5a9e3.jpg,Cedula_Amarilla,350.64329201247136
sample_dc3b96e0cc8c.jpg,Cedula_Amarilla,0.0
sample_5185c72d3f65.jpg,Cedula_Amarilla,0.0
sample_e872f7bc5a09.jpg,Cedula_Amarilla,180.0
sample_cb8cae283f9f.jpg,Cedula_Amarilla,180.0
sample_d0df8bddb08a.jpg,Cedula_Amarilla,6.594515032227988
sample_dcdfb109c5ad.jpg,Cedula_Amarilla,0.0
sample_f821d59b381e.jpg,Cedula_Amarilla,0.0
sample_ed26b4822408.jpg,Cedula_Amarilla,187.69
sample_a0440e3f35b9.jpg,Cedula_Amarilla,180.2212181266649
sample_f2f30be635ab.jpg,Cedula_Amarilla,0.0
sample_55dbfdb7319e.jpg,Cedula_Amarilla,0.0
sample_6e6e5feaf8c2.jpg,Cedula_Amarilla,351.51839420597065
sample_0cf764e0fe43.jpg,Cedula_Amarilla,0.0
sample_9f3e998139c9.jpg,Cedula_Amarilla,0.0
sample_65cf4d0c1cff.jpg,Cedula_Amarilla,351.51105611949527
sample_26d5e15ece07.jpg,Cedula_Amarilla,179.7106298365594
sample_9e12e07e4a00.jpg,Cedula_Amarilla,0.0
sample_a51d9d0924a2.jpg,Cedula_Amarilla,354.1030364897892
sample_92f8759be3c8.jpg,Cedula_Amarilla,0.0
sample_2fe21116bf8b.jpg,Cedula_Amarilla,356.14936117608926
sample_94e91dcf76ed.jpg,Cedula_Amarilla,181.0912162252626
sample_e0f6b1878b79.jpg,Cedula_Amarilla,357.17982752755154
sample_2a6ff9b9de4a.jpg,Cedula_Amarilla,3.1622977521393887
sample_90aca1e90b30.jpg,Cedula_Amarilla,2.935673446421173
sample_ce195a3af05c.jpg,Cedula_Amarilla,3.086489263781074
sample_80e8ca2b61aa.jpg,Cedula_Amarilla,359.0289780689208
sample_7e7fd181a5a5.jpg,Cedula_Amarilla,1.2960634980171208
sample_54bbf2e9de27.jpg,Cedula_Amarilla,179.18542295024028
sample_0e121d9ea4b9.jpg,Cedula_Amarilla,357.2993706626047
sample_9b03d9a9f6a3.jpg,Cedula_Amarilla,350.17010766536254
sample_17175ef693c6.jpg,Cedula_Amarilla,0.0
sample_5b59f5e3c733.jpg,Cedula_Amarilla,183.95564548038416
sample_9460d0ee28b6.jpg,Cedula_Amarilla,179.3904934233248
sample_975e5dc20cae.jpg,Cedula_Amarilla,359.424182406755
sample_9fb151e4bba4.jpg,Cedula_Amarilla,0.5729386976834859
sample_3395056863fa.jpg,Cedula_Amarilla,178.2642954110716
sample_64852bef8dce.jpg,Cedula_Amarilla,12.252759515547396
sample_13e51b2b535a.jpg,Cedula_Amarilla,178.78757191005508
sample_05ea2e47298c.jpg,Cedula_Amarilla,354.38779677067515
sample_be92f8fa0c5c.jpg,Cedula_Amarilla,356.698134325565
sample_08daa8643e42.jpg,Cedula_Amarilla,0.0
sample_aa1c8172d73d.jpg,Cedula_Amarilla,0.0
sample_9b67b0fcb552.jpg,Cedula_Amarilla,180.0
sample_0cec9017c01e.jpg,Cedula_Amarilla,0.0
sample_6d63a26aa7cd.jpg,Cedula_Amarilla,180.25578303073925
sample_aa469b8ebde2.jpg,Cedula_Amarilla,183.13966014782025
sample_f630092c0b14.jpg,Cedula_Amarilla,3.1934492732832966
sample_435f3026ab8f.jpg,Cedula_Amarilla,180.0
sample_8fccbb6969b7.jpg,Cedula_Amarilla,359.7430699754965
sample_3c26830f41f0.jpg,Cedula_Amarilla,2.765761834249503
sample_200ec2b81277.jpg,Cedula_Amarilla,178.8599359662136
sample_7f66ab4f3a3b.jpg,Cedula_Amarilla,0.2569300245035111
sample_7efbfd472f3e.jpg,Cedula_Amarilla,3.152937007775314
sample_1838bb4c4217.jpg,Cedula_Amarilla,180.5430716937238
sample_4081c527492e.jpg,Cedula_Amarilla,177.35745470593528
sample_0c2645873e7b.jpg,Cedula_Amarilla,0.0
sample_ac9d564df306.jpg,Cedula_Amarilla,357.82868820908516
sample_8cbd462d0c14.jpg,Cedula_Amarilla,358.3010470285541
sample_198b0b6c4a8c.jpg,Cedula_Amarilla,0.0
sample_e70e3a42d0df.jpg,Cedula_Amarilla,0.0
sample_238dc85928b9.jpg,Cedula_Amarilla,173.0804667372943
sample_3077a94bca2d.jpg,Cedula_Amarilla,177.2378716866212
sample_0b5fef3f6e99.jpg,Cedula_Amarilla,355.0189180646916
sample_e3073a2382c4.jpg,Cedula_Amarilla,180.0
sample_20d299515a14.jpg,Cedula_Amarilla,0.0
sample_16e3726e6651.jpg,Cedula_Amarilla,359.7698977049028
sample_a485b31de1cb.jpg,Cedula_Amarilla,358.37117505947424
sample_3e978aff49cf.jpg,Cedula_Amarilla,190.13425128739567
sample_a2eab735616d.jpg,Cedula_Amarilla,181.06091169026422
sample_8025845832ed.jpg,Cedula_Amarilla,180.2938219346507
sample_4df49fc98197.jpg,Cedula_Amarilla,179.42991155500113
sample_fd29104cc1b0.jpg,Cedula_Amarilla,0.0
sample_08d6117e42b9.jpg,Cedula_Amarilla,0.0
sample_99b0fd85d5ce.jpg,Cedula_Amarilla,0.0
sample_d11c609469cd.jpg,Cedula_Amarilla,180.51155586658703
sample_d82bde71e065.jpg,Cedula_Amarilla,182.11133062557602
sample_16b0dd681aba.jpg,Cedula_Amarilla,3.027245182279991
sample_33d9a9cd7aaa.jpg,Cedula_Amarilla,1.80602529760124
sample_7652211b7bff.jpg,Cedula_Amarilla,0.0
sample_ccd231ef289b.jpg,Cedula_Amarilla,180.0
sample_7eccc5d1674f.jpg,Cedula_Amarilla,0.0
sample_444246f23d6f.jpg,Cedula_Amarilla,355.5558938783473
sample_029b2d0b2c84.jpg,Cedula_Amarilla,0.0
sample_51f26b1e7835.jpg,Cedula_Amarilla,357.2072976342867
sample_e5d5cddc2921.jpg,Cedula_Amarilla,2.457538148177109
sample_630165c59492.jpg,Cedula_Amarilla,359.6589577211411
sample_40815d1e188e.jpg,Cedula_Amarilla,358.7269699799433
sample_989a5b6c407d.jpg,Cedula_Amarilla,182.62640563829075
sample_2ae5422b7edc.jpg,Cedula_Amarilla,0.0
sample_1f0c8d2f0eca.jpg,Cedula_Amarilla,180.0
sample_e4cea97bc9e0.jpg,Cedula_Amarilla,8.013251844141568
sample_69fc6decf570.jpg,Cedula_Amarilla,179.44643481411762
sample_b04e6e49d3bf.jpg,Cedula_Amarilla,180.0
sample_dbf37b38d2a5.jpg,Cedula_Amarilla,0.0
sample_af842eb77d30.jpg,Cedula_Amarilla,353.48757697071215
sample_541ae0228c8b.jpg,Cedula_Amarilla,179.44909602078144
sample_b12bb9b00964.jpg,Cedula_Amarilla,7.441405489743715
sample_a1d6375bcae0.jpg,Cedula_Amarilla,180.0
sample_9cb12fe4fd8d.jpg,Cedula_Amarilla,0.0
sample_84e2d999b0bc.jpg,Cedula_Amarilla,180.0
sample_94be27fa665b.jpg,Cedula_Amarilla,355.8295634751579
sample_91653b5a9171.jpg,Cedula_Amarilla,180.0
sample_98dd4958e1b1.jpg,Cedula_Amarilla,355.23635830927384
sample_36b776c9474c.jpg,Cedula_Amarilla,175.99049845856075
sample_71bb78c31f39.jpg,Cedula_Amarilla,180.0
sample_fb1456cc4e2b.jpg,Cedula_Amarilla,1.7208148336728648
sample_b66fbc14ce8d.jpg,Cedula_Amarilla,0.8263241397292475
sample_4d40935409ff.jpg,Cedula_Amarilla,2.5004105643768773
sample_d970c50f47ea.jpg,Cedula_Amarilla,0.0
sample_a70c63f52039.jpg,Cedula_Amarilla,169.6409475119163
sample_3dbb36533cb2.jpg,Cedula_Amarilla,0.0
sample_a0e510f22fc1.jpg,Cedula_Amarilla,0.0
sample_1ce61f20ad20.jpg,Cedula_Amarilla,180.0
sample_a65c33849c02.jpg,Cedula_Amarilla,0.0
sample_1ff7fe172392.jpg,Cedula_Amarilla,0.0
sample_c81e0d898039.jpg,Cedula_Amarilla,2.78516642211435
sample_c0e87a15a16f.jpg,Cedula_Amarilla,0.0
sample_5252f50245e8.jpg,Cedula_Amarilla,0.0
sample_b2ab67af70a6.jpg,Cedula_Amarilla,0.0
sample_f3dcb4fb919b.jpg,Cedula_Amarilla,0.5430716937237866
sample_c7bdec2a0876.jpg,Cedula_Amarilla,180.0
sample_a51bc9bb609d.jpg,Cedula_Amarilla,4.996760664571359
sample_fee3e9d30165.jpg,Cedula_Amarilla,347.5983041832787
sample_afb73bf3dfd6.jpg,Cedula_Amarilla,0.0
sample_ffcde6e0f02a.jpg,Cedula_Amarilla,176.60507645788172
sample_6e3e8935711f.jpg,Cedula_Amarilla,180.0
sample_1500945c5a06.jpg,Cedula_Amarilla,357.16333989887454
sample_a6a126038b41.jpg,Cedula_Amarilla,185.55723220955082
sample_bfae8ea8ac35.jpg,Cedula_Amarilla,0.0
sample_2bd94d0345ae.jpg,Cedula_Amarilla,0.0
sample_2b4519fad81c.jpg,Cedula_Amarilla,180.0
sample_1ddc7f6aec75.jpg,Cedula_Amarilla,181.57655005518373
sample_6bc15f831820.jpg,Cedula_Amarilla,180.0
sample_dfb75a66900a.jpg,Cedula_Amarilla,180.0
sample_6891fcc90489.jpg,Cedula_Amarilla,3.8140748342903534
sample_14ca0bcf924b.jpg,Cedula_Amarilla,0.0
sample_8c893d573c63.jpg,Cedula_Amarilla,0.0
sample_3de7736ba01e.jpg,Cedula_Amarilla,0.0
sample_0dd9a8693c2b.jpg,Cedula_Amarilla,358.65527561129767
sample_9c5af4a03473.jpg,Cedula_Amarilla,180.52085637450196
sample_e740964b7e65.jpg,Cedula_Amarilla,178.12650698640007
sample_1a146d467a54.jpg,Cedula_Amarilla,0.0
sample_52bf928a9504.jpg,Cedula_Amarilla,0.0
sample_7ba3d77bab67.jpg,Cedula_Amarilla,0.0
sample_d91f0adca6fe.jpg,Cedula_Amarilla,0.0
sample_88221a80188e.jpg,Cedula_Amarilla,0.0
sample_df49ea90b6fb.jpg,Cedula_Amarilla,183.92830722539767
sample_eac5fea5b707.jpg,Cedula_Amarilla,176.8778695378843
sample_0fe3af228ff2.jpg,Cedula_Amarilla,170.35736122123075
sample_bcfabb97f231.jpg,Cedula_Amarilla,0.0
sample_5f1e4952b673.jpg,Cedula_Amarilla,0.0
sample_ed083c3fc970.jpg,Cedula_Amarilla,357.23423816575047
sample_08f4d25aea88.jpg,Cedula_Amarilla,352.9087267446724
sample_788fdc2ba7a4.jpg,Cedula_Amarilla,180.0
sample_cddb81369d18.jpg,Cedula_Amarilla,354.83017211244214
sample_4be5b917e8d9.jpg,Cedula_Amarilla,0.0
sample_2d2dd44e1cc1.jpg,Cedula_Amarilla,353.95943481710276
sample_ecaf754682bf.jpg,Cedula_Amarilla,173.80358657089567
sample_53ee9a3efb39.jpg,Cedula_Amarilla,355.08343399398996
sample_22d6af2510bd.jpg,Cedula_Amarilla,356.23948929424307
sample_9fe7154c43b4.jpg,Cedula_Amarilla,0.0
sample_7bcad94e1b86.jpg,Cedula_Amarilla,356.5834118082287
sample_b1440af06f96.jpg,Cedula_Amarilla,7.516441716269494
sample_8f9ace204ff4.jpg,Cedula_Amarilla,0.0
sample_bc803df8356d.jpg,Cedula_Amarilla,180.27678905217775
sample_440bfcc583c8.jpg,Cedula_Amarilla,5.572197803963795
sample_2b00950ba6b0.jpg,Cedula_Amarilla,179.09540496626732
sample_9b9ba8f28e6b.jpg,Cedula_Amarilla,0.0
sample_72f86255a061.jpg,Cedula_Amarilla,180.0
sample_be5b4932ce6e.jpg,Cedula_Amarilla,183.46822925891715
sample_fb37a6926d93.jpg,Cedula_Amarilla,0.0
sample_c61c5818f798.jpg,Cedula_Amarilla,0.0
sample_1e9167115e16.jpg,Cedula_Amarilla,183.95317950179725
sample_85cb5df0dbde.jpg,Cedula_Amarilla,2.036325454798276
sample_01a66f91488b.jpg,Cedula_Amarilla,179.21874233839137
sample_1fe1df1fe88b.jpg,Cedula_Amarilla,180.7673083150897
sample_ae6003269d40.jpg,Cedula_Amarilla,358.44484049493286
sample_73e1ab0e2d3a.jpg,Cedula_Amarilla,2.3320236816230584
sample_e352dda35656.jpg,Cedula_Amarilla,0.0
sample_f7ffbdf94552.jpg,Cedula_Amarilla,1.6233325250904709
sample_e0cc67159913.jpg,Cedula_Amarilla,355.4860115419987
sample_58c3f78a0bae.jpg,Cedula_Amarilla,185.03508467945667
sample_36646792e9f0.jpg,Cedula_Amarilla,2.0920662794801457
sample_c1df174128cf.jpg,Cedula_Amarilla,180.25925515150138
sample_889b3d19fe4c.jpg,Cedula_Amarilla,183.08765128498507
sample_c18791dac767.jpg,Cedula_Amarilla,181.06091169026422
sample_aa40be612dae.jpg,Cedula_Amarilla,2.260501911141272
sample_fc01852df5e0.jpg,Cedula_Amarilla,180.0
sample_09fa56a2874c.jpg,Cedula_Amarilla,180.0
sample_15a9f3c237b2.jpg,Cedula_Amarilla,9.586160155344285
sample_f3e54eaccaa7.jpg,Cedula_Amarilla,0.0
sample_0e734334ff25.jpg,Cedula_Amarilla,357.55295135767636
sample_faabf085ebcf.jpg,Cedula_Amarilla,0.0
sample_a6df9789d659.jpg,Cedula_Amarilla,183.77819770716158
sample_b65419b37592.jpg,Cedula_Amarilla,182.9482507219327
sample_8b569868f4ce.jpg,Cedula_Amarilla,0.0
sample_dc359977bbc1.jpg,Cedula_Amarilla,352.17997400263573
sample_50f52f03af4a.jpg,Cedula_Amarilla,174.04754056203248
sample_0171819e21b1.jpg,Cedula_Amarilla,351.58234282298685
sample_425237524235.jpg,Cedula_Amarilla,174.0625839005185
sample_5e4fd86c3ca5.jpg,Cedula_Amarilla,177.08467788335747
sample_ed0e28ccb464.jpg,Cedula_Amarilla,169.26110289909457
sample_578582d6d811.jpg,Cedula_Amarilla,359.774427230366
sample_3cc11ce7fc6f.jpg,Cedula_Amarilla,177.8983456723287
sample_c8a3e1b8e6af.jpg,Cedula_Amarilla,5.815626529491238
sample_6bc1a45ad90a.jpg,Cedula_Amarilla,178.5436413656603
sample_33f658b05106.jpg,Cedula_Amarilla,2.009553813021139
sample_d92a3570bad3.jpg,Cedula_Amarilla,0.0
sample_43af73987775.jpg,Cedula_Amarilla,0.0
sample_b409b82ab599.jpg,Cedula_Amarilla,167.30733445488212
sample_ac5269894059.jpg,Cedula_Amarilla,183.69138598645128
sample_ca90e33ba9fa.jpg,Cedula_Amarilla,176.93771291459996
sample_d9a3e458d725.jpg,Cedula_Amarilla,176.2359651350943
sample_1c4d3c601f48.jpg,Cedula_Amarilla,181.23463170540413
sample_3ffc44caf864.jpg,Cedula_Amarilla,358.0748162916768
sample_29a0b53214d1.jpg,Cedula_Amarilla,2.2120420020483533
sample_1ed9fda0ff37.jpg,Cedula_Amarilla,350.6991020846261
sample_0fef2283b307.jpg,Cedula_Amarilla,356.6335393365702
sample_13ea391a6834.jpg,Cedula_Amarilla,178.30104702855405
sample_106948152a26.jpg,Cedula_Amarilla,4.295840511271507
sample_0310ed19e7fc.jpg,Cedula_Amarilla,356.3422333610256
sample_131582be8c93.jpg,Cedula_Amarilla,180.0
sample_b291703181ec.jpg,Cedula_Amarilla,180.0
sample_4cf796951d9a.jpg,Cedula_Amarilla,0.0
sample_e5f6c3d1b4ad.jpg,Cedula_Amarilla,180.0
sample_67076d894f21.jpg,Cedula_Amarilla,344.20236851554677
sample_d888d0a6e9e9.jpg,Cedula_Amarilla,0.0
sample_a89af902b3ea.jpg,Cedula_Amarilla,190.58732131823714
sample_6fd6991ab668.jpg,Cedula_Amarilla,180.0
sample_173a4cef34a7.jpg,Cedula_Amarilla,0.0
sample_0b2a7c609d84.jpg,Cedula_Amarilla,352.75130164242614
sample_28f742bf02be.jpg,Cedula_Amarilla,0.0
sample_3cbeaa9ab2c5.jpg,Cedula_Amarilla,0.0
sample_798c5c46c1e1.jpg,Cedula_Amarilla,0.0
sample_c080303e3fa0.jpg,Cedula_Amarilla,182.1475854282985
sample_fcfb67581e2e.jpg,Cedula_Amarilla,0.0
sample_5f25735b51bc.jpg,Cedula_Amarilla,0.0
sample_5d7bc901fcba.jpg,Cedula_Amarilla,349.27370553387476
sample_3d75e806f0cd.jpg,Cedula_Amarilla,178.39399701071775
sample_73b21754cd22.jpg,Cedula_Amarilla,1.5140733606351122
sample_18de0ef14879.jpg,Cedula_Amarilla,181.28444352180077
sample_724bcf01f92d.jpg,Cedula_Amarilla,180.0
sample_8a74f0dafb46.jpg,Cedula_Amarilla,183.27048792318357
sample_24dfc877e958.jpg,Cedula_Amarilla,0.0
sample_292d146248f2.jpg,Cedula_Amarilla,5.545317308862041
sample_63105ce3c6f5.jpg,Cedula_Amarilla,180.0
sample_5672492192b6.jpg,Cedula_Amarilla,0.0
sample_c32caa278a7c.jpg,Cedula_Amarilla,0.0
sample_b5db714656f0.jpg,Cedula_Amarilla,0.0
sample_2d8ec252a5ea.jpg,Cedula_Amarilla,173.93336692639488
sample_7badca3e920b.jpg,Cedula_Amarilla,177.18862640547346
sample_bed237830101.jpg,Cedula_Amarilla,179.50178838738637
sample_170b90b5c71d.jpg,Cedula_Amarilla,8.841814560191672
sample_2f91015e41e2.jpg,Cedula_Amarilla,177.2499148250876
sample_5bbc03c9e54b.jpg,Cedula_Amarilla,180.50258166672103
sample_9275d4a43849.jpg,Cedula_Amarilla,181.55515950506717
sample_0a15923a230a.jpg,Cedula_Amarilla,179.25270612317394
sample_086e6d0da65f.jpg,Cedula_Amarilla,351.5642324866485
sample_559142445ed7.jpg,Cedula_Amarilla,0.0
sample_ae033479614d.jpg,Cedula_Amarilla,0.0
sample_4ee7cddd1c91.jpg,Cedula_Amarilla,180.0
sample_19bd96a5ac38.jpg,Cedula_Amarilla,0.0
sample_84a25101a472.jpg,Cedula_Amarilla,10.51004336926862
sample_ba1e376ccc31.jpg,Cedula_Amarilla,0.0
sample_3f587093a566.jpg,Cedula_Amarilla,359.762259540707
sample_6266547949f4.jpg,Cedula_Amarilla,0.0
sample_a60b9380c058.jpg,Cedula_Amarilla,0.0
sample_95880808ba2a.jpg,Cedula_Amarilla,0.0
sample_0c4ff855b084.jpg,Cedula_Amarilla,187.32640666016954
sample_d3b74c77c22b.jpg,Cedula_Amarilla,358.42344994481624
sample_1926585758c2.jpg,Cedula_Amarilla,0.0
sample_e52ec6bf0616.jpg,Cedula_Amarilla,0.0
sample_44c4dbcfac96.jpg,Cedula_Amarilla,0.0
sample_34cbd53fbb4f.jpg,Cedula_Amarilla,188.76628016183838
sample_43d76da43a58.jpg,Cedula_Amarilla,180.0
sample_befb81a3592d.jpg,Cedula_Amarilla,0.0
sample_8a05a6784bc2.jpg,Cedula_Amarilla,0.0
sample_79f35391e40b.jpg,Cedula_Amarilla,174.1890201417214
sample_f40970f1ef37.jpg,Cedula_Amarilla,184.03492751613095
sample_9626555033b5.jpg,Cedula_Amarilla,180.0
sample_d7a1943221b9.jpg,Cedula_Amarilla,0.0
sample_4124aad0a499.jpg,Cedula_Amarilla,181.706178294447
sample_4f57844d24e6.jpg,Cedula_Amarilla,180.0
sample_b40742c3a5bf.jpg,Cedula_Amarilla,180.0
sample_898f823f644e.jpg,Cedula_Amarilla,180.0
sample_778e77684444.jpg,Cedula_Amarilla,0.0
sample_813a13792d24.jpg,Cedula_Amarilla,180.0
sample_ec4f50f5e98c.jpg,Cedula_Amarilla,0.0
sample_e3449ad7fa93.jpg,Cedula_Amarilla,0.0
sample_d525b8260a3c.jpg,Cedula_Amarilla,357.05747954363136
sample_a1e42b42369f.jpg,Cedula_Amarilla,0.0
sample_770c398291af.jpg,Cedula_Amarilla,180.0
sample_d60e4915ad28.jpg,Cedula_Amarilla,180.0
sample_ce2920534d94.jpg,Cedula_Amarilla,0.0
sample_45e8264f48ab.jpg,Cedula_Amarilla,186.6502003166592
sample_b4e6587db051.jpg,Cedula_Amarilla,180.0
sample_09aa2f8dfd5b.jpg,Cedula_Amarilla,182.23117460803124
sample_64e81836cbe2.jpg,Cedula_Amarilla,185.40379136024973
sample_c4ef3726cabf.jpg,Cedula_Amarilla,0.0
sample_0a87c6035917.jpg,Cedula_Amarilla,191.6047623563788
sample_9c9ae82cce95.jpg,Cedula_Amarilla,0.0
sample_14902632cac5.jpg,Cedula_Amarilla,0.0
sample_d4b64e14df3e.jpg,Cedula_Amarilla,178.0098277502451
sample_504440a32a93.jpg,Cedula_Amarilla,5.429158907217128
sample_b04bfcba886f.jpg,Cedula_Amarilla,9.385518260043067
sample_bc6fd0d5a9b1.jpg,Cedula_Amarilla,-0.0
sample_1b3da700dd75.jpg,Cedula_Amarilla,356.60698893091126
sample_35945177303f.jpg,Cedula_Amarilla,0.0
sample_4a3dbf9114e3.jpg,Cedula_Amarilla,184.2779375553471
sample_04e02fca5443.jpg,Cedula_Amarilla,356.9749880924363
sample_3f68a2764fb2.jpg,Cedula_Amarilla,2.657390682905489
sample_2685acf35a21.jpg,Cedula_Amarilla,0.0
sample_d3f4ccc420cc.jpg,Cedula_Amarilla,0.0
sample_e4987748e27d.jpg,Cedula_Amarilla,0.0
sample_2ea6ad4e4791.jpg,Cedula_Amarilla,0.0
sample_8e8df322832a.jpg,Cedula_Amarilla,0.0
sample_9d8b14356630.jpg,Cedula_Amarilla,351.2699637655901
sample_3a6835a14938.jpg,Cedula_Amarilla,2.1124112702291
sample_545e5153003c.jpg,Cedula_Amarilla,354.2041136177081
sample_9d32a05d56aa.jpg,Cedula_Amarilla,358.38969939750103
sample_c4dddeb6b03c.jpg,Cedula_Amarilla,2.560300893908658
sample_ee4514895701.jpg,Cedula_Amarilla,0.0
sample_3ab8d2785a72.jpg,Cedula_Amarilla,5.110417561031226
sample_b7061490f19a.jpg,Cedula_Amarilla,2.053550563510988
sample_39fafd0a941f.jpg,Cedula_Amarilla,354.99086042679266
sample_89c53e697905.jpg,Cedula_Amarilla,8.36588612403259
sample_4d8646c4a503.jpg,Cedula_Amarilla,353.8170698340517
sample_ba5baf7abfc7.jpg,Cedula_Amarilla,3.54476645559488
sample_cfbafe2cc78d.jpg,Cedula_Amarilla,0.0
sample_cd0a28391c53.jpg,Cedula_Amarilla,0.0
sample_5ba69a8d1d2c.jpg,Cedula_Amarilla,11.220686783715252
sample_68724e52f0ae.jpg,Cedula_Amarilla,353.8677775023207
sample_bc39e2fa15b4.jpg,Cedula_Celeste,0.0
sample_22913cd55acb.jpg,Cedula_Celeste,270.67449952082967
sample_783c7469ab5d.jpg,Cedula_Celeste,180.0
sample_9b8bb4ef1de6.jpg,Cedula_Celeste,351.8321533960252
sample_5af919dda01d.jpg,Cedula_Celeste,280.7842978675626
sample_50d371e5d735.jpg,Cedula_Celeste,270.22207555269347
sample_2f8a5d036ab1.jpg,Cedula_Celeste,358.36633862575206
sample_032fe17a3603.jpg,Cedula_Celeste,357.80942613596176
sample_bc8b27eaa3e7.jpg,Cedula_Celeste,353.35928582671784
sample_06c75d92a80d.jpg,Cedula_Celeste,184.52095789958142
sample_68a95da988fa.jpg,Cedula_Celeste,177.75425743410491
sample_67a09bef1719.jpg,Cedula_Celeste,0.0
sample_d9944f3fdc5f.jpg,Cedula_Celeste,0.0
sample_a66d45531f89.jpg,Cedula_Celeste,349.630800380257
sample_27ee7cdb2517.jpg,Cedula_Celeste,0.0
sample_d6059a4b28d5.jpg,Cedula_Celeste,174.94522372389608
sample_2270410a3305.jpg,Cedula_Celeste,357.1553443952266
sample_65879323b2e8.jpg,Cedula_Celeste,182.6813143176755
sample_013ff3cdc264.jpg,Cedula_Celeste,3.8211300958620193
sample_f35a94bc32f7.jpg,Cedula_Celeste,355.1409007864106
sample_d083fc0ca0d9.jpg,Cedula_Celeste,181.3270779908741
sample_2b4306ae60cc.jpg,Cedula_Celeste,356.4453090856094
sample_38c6d3c4276a.jpg,Cedula_Celeste,179.9012364646144
sample_6d4279195edb.jpg,Cedula_Celeste,-0.0
sample_9be7f4ec133c.jpg,Cedula_Celeste,0.7098228981901807
sample_d64e2ff8bae0.jpg,Cedula_Celeste,350.5077990696357
sample_62ad433b3c18.jpg,Cedula_Celeste,1.114563272484713
sample_05fc7180a42c.jpg,Cedula_Celeste,355.36646066342985
sample_080f2408899f.jpg,Cedula_Celeste,357.3531919537797
sample_f6c43a145265.jpg,Cedula_Celeste,356.9108378261677
sample_2d7f6d17ff0d.jpg,Cedula_Celeste,4.5548242588538255
sample_b8fa68c6a08c.jpg,Cedula_Celeste,355.5976934716829
sample_666e59ad3811.jpg,Cedula_Celeste,181.40288153265146
sample_d4dcbd8734e4.jpg,Cedula_Celeste,270.0
sample_fe2bd7738e32.jpg,Cedula_Celeste,180.0
sample_46f495eca02b.jpg,Cedula_Celeste,357.2758643400897
sample_fd2b18c5a2d2.jpg,Cedula_Celeste,271.1123996162978
sample_448c30e63822.jpg,Cedula_Celeste,179.100812715524
sample_5d3eef657bfd.jpg,Cedula_Celeste,358.52085637450193
sample_582b28799115.jpg,Cedula_Celeste,356.4895529219992
sample_0799b4d8df73.jpg,Cedula_Celeste,358.92778577446165
sample_d27c0f705ba9.jpg,Cedula_Celeste,0.0
sample_eb7570495199.jpg,Cedula_Celeste,357.52752544221295
sample_c24dbbdc159f.jpg,Cedula_Celeste,0.0
sample_b92bb244fe88.jpg,Cedula_Celeste,0.0
sample_df2ce9a11582.jpg,Cedula_Celeste,0.0
sample_d138c7b6941e.jpg,Cedula_Celeste,180.23010229509725
sample_b6c824ffb443.jpg,Cedula_Celeste,271.1233027140754
sample_9c56b8ab61fc.jpg,Cedula_Celeste,356.6799739401079
sample_635660df1bab.jpg,Cedula_Celeste,351.7651660184253
sample_c36a70b06b17.jpg,Cedula_Celeste,179.48786752882776
sample_e9dd9c9246cc.jpg,Cedula_Celeste,0.0
sample_ada6c2fe78c8.jpg,Cedula_Celeste,0.0
sample_05836e152793.jpg,Cedula_Celeste,179.22933448647788
sample_449a8fdec94d.jpg,Cedula_Celeste,172.99061574337875
sample_8be75d9600b4.jpg,Cedula_Celeste,0.0
sample_72b1d775c923.jpg,Cedula_Celeste,0.0
sample_2f1518a18683.jpg,Cedula_Celeste,187.66680426181418
sample_6ddf907582b4.jpg,Cedula_Celeste,180.0
sample_51db30328de1.jpg,Cedula_Celeste,180.0
sample_d3ce8e4f951b.jpg,Cedula_Celeste,1.9091524329963765
sample_3a95c509a191.jpg,Cedula_Celeste,357.83914082340834
sample_f23cc8f92bee.jpg,Cedula_Celeste,349.9638041899072
sample_ceb0e2cd9163.jpg,Cedula_Celeste,0.0
sample_648d989183eb.jpg,Cedula_Celeste,0.0
sample_64bc49fbd22c.jpg,Cedula_Celeste,3.152937007775314
sample_faa84acbb4b4.jpg,Cedula_Celeste,2.602562202499806
sample_cf1aca20ba99.jpg,Cedula_Celeste,353.1944289077348
sample_6978bb5804bf.jpg,Cedula_Celeste,189.121025994532
sample_69ea783fe12e.jpg,Cedula_Celeste,184.53379114598457
sample_9f345f4125f5.jpg,Cedula_Celeste,0.0
sample_43fc5c49e564.jpg,Cedula_Celeste,1.23997476631269
sample_0a0b25267521.jpg,Cedula_Celeste,356.94130242590415
sample_b19a8b9c6b20.jpg,Cedula_Celeste,1.4814571708870743
sample_a720f20d1ece.jpg,Cedula_Celeste,2.045408488887228
sample_65510846934e.jpg,Cedula_Celeste,1.5911402711945872
sample_bd4c6a3cff20.jpg,Cedula_Celeste,357.69917498519067
sample_46e7b8ef00a5.jpg,Cedula_Celeste,356.9606004310731
sample_742664528668.jpg,Cedula_Celeste,353.9647176033877
sample_e64db5b4605f.jpg,Cedula_Celeste,355.73583665084726
sample_c91afbbfbc4a.jpg,Cedula_Celeste,3.751729070525976
sample_0dc292c7f570.jpg,Cedula_Celeste,10.064568207251869
sample_d89d710f4c11.jpg,Cedula_Celeste,359.3097228021349
sample_64b7840d4533.jpg,Cedula_Celeste,358.17445769267016
sample_d3b2adad9154.jpg,Cedula_Celeste,359.1574757392596
sample_3f88a9078dbe.jpg,Cedula_Celeste,0.0
sample_aa7611a771bf.jpg,Cedula_Celeste,180.0
sample_b183152ab5fe.jpg,Cedula_Celeste,0.0
sample_71d85258fec0.jpg,Cedula_Celeste,180.0
sample_7f6e0c7d8956.jpg,Cedula_Celeste,358.82607045560735
sample_753d563fb45d.jpg,Cedula_Celeste,180.0
sample_f5f77497844e.jpg,Cedula_Celeste,0.7221774615448104
sample_b14148efab4c.jpg,Cedula_Celeste,351.0148002495773
sample_6de3fd2c5a2c.jpg,Cedula_Celeste,180.0
sample_1aac75263e78.jpg,Cedula_Celeste,185.75826016436676
sample_944f2aea2ad3.jpg,Cedula_Celeste,0.4876118829249173
sample_8a6da9651665.jpg,Cedula_Celeste,357.2736890060937
sample_212d999e7b73.jpg,Cedula_Celeste,175.96507248386905
sample_ca69dc4a5015.jpg,Cedula_Celeste,358.43064519525103
sample_2b95a9f08e58.jpg,Cedula_Celeste,358.19397470239875
sample_c01f92e89de9.jpg,Cedula_Celeste,354.33629374197943
sample_34863bad2e99.jpg,Cedula_Celeste,355.93248043341987
sample_3b74b7bd2e8e.jpg,Cedula_Celeste,0.0
sample_20be7aa9e40c.jpg,Cedula_Celeste,180.0
sample_868ec10c6b5b.jpg,Cedula_Celeste,0.0
sample_158e1b3543a6.jpg,Cedula_Celeste,0.0
sample_452f6258ad5b.jpg,Cedula_Celeste,180.0
sample_587710c889d6.jpg,Cedula_Celeste,356.0627748351759
sample_f78448a176a2.jpg,Cedula_Celeste,357.21346643050674
sample_b33f254903b6.jpg,Cedula_Celeste,0.0
sample_ee415d28c983.jpg,Cedula_Celeste,349.7860270149295
sample_5840d800e1c3.jpg,Cedula_Celeste,180.74729387682603
sample_bca64028800a.jpg,Cedula_Celeste,5.8809709091311815
sample_47df79745ad0.jpg,Cedula_Celeste,181.72822765049855
sample_ddee941fd88d.jpg,Cedula_Celeste,359.2868113649824
sample_fe659f202063.jpg,Cedula_Celeste,0.0
sample_a61c770e9b31.jpg,Cedula_Celeste,356.0716927746023
sample_17d74368e364.jpg,Cedula_Celeste,0.0
sample_75c183e97d5d.jpg,Cedula_Celeste,163.44292862436336
sample_1dbffd10af8b.jpg,Cedula_Celeste,180.0
sample_297ac9e2c87d.jpg,Cedula_Celeste,356.1171014396363
sample_a0cf039e989a.jpg,Cedula_Celeste,1.606002989282249
sample_8baa32c4e596.jpg,Cedula_Celeste,2.823960289242356
sample_934a71932468.jpg,Cedula_Celeste,173.92754359279232
sample_b89f1d4f9e98.jpg,Cedula_Celeste,177.46644111160543
sample_7b3a1991d2b8.jpg,Cedula_Celeste,355.6384273549794
sample_6b81f3fbdd56.jpg,Cedula_Celeste,182.12109639666144
sample_44d7badae61e.jpg,Cedula_Celeste,357.12454631601474
sample_8a4aa8e9ceb6.jpg,Cedula_Celeste,179.76989770490275
sample_1cdc438e6b6f.jpg,Cedula_Celeste,179.3124836453609
sample_e806effaf49c.jpg,Cedula_Celeste,180.22381050036853
sample_59b2d9add2c6.jpg,Cedula_Celeste,179.49961290120777
sample_6e9b3f600420.jpg,Cedula_Celeste,0.2628228332365214
sample_29354279c01d.jpg,Cedula_Celeste,359.0411643387505
sample_3a51744fe11c.jpg,Cedula_Celeste,357.96367454520174
sample_05a34feadabb.jpg,Cedula_Celeste,359.7708181042459
sample_3b404d3943f8.jpg,Cedula_Celeste,0.0
sample_e003af60073c.jpg,Cedula_Celeste,179.0206803456605
sample_8a7c6b89589a.jpg,Cedula_Celeste,356.84706299222466
sample_7c9bba4c39a9.jpg,Cedula_Celeste,355.3852334221116
sample_645780861fc4.jpg,Cedula_Celeste,359.5416435419996
sample_0a5fa6800cad.jpg,Cedula_Celeste,179.12864848232164
sample_2fa27edce0a0.jpg,Cedula_Celeste,172.32877851673803
sample_d3db50371055.jpg,Cedula_Celeste,173.68763524535194
sample_35c23c5b55e2.jpg,Cedula_Celeste,353.7821826504788
sample_924d8d257e65.jpg,Cedula_Celeste,359.34893961977053
sample_5dcfbbae29ea.jpg,Cedula_Celeste,355.8624064158559
sample_ca06f52af40f.jpg,Cedula_Celeste,181.35319195377969
sample_5f069be75c33.jpg,Cedula_Celeste,349.3662255078879
sample_9cf71fb8498f.jpg,Cedula_Celeste,270.9495668564358
sample_167d4179c5f6.jpg,Cedula_Celeste,183.8785245028477
sample_74ea7b6e1e69.jpg,Cedula_Celeste,1.159675208483569
sample_6c1be347305a.jpg,Cedula_Celeste,189.10913352027745
sample_d5cd58834ab3.jpg,Cedula_Celeste,0.467710260038513
sample_9df2dcb82e2c.jpg,Cedula_Celeste,0.0
sample_48a24bdded55.jpg,Cedula_Celeste,0.0
sample_3696c329f0e3.jpg,Cedula_Celeste,0.0
sample_1c3f9f16bc90.jpg,Cedula_Celeste,354.8460914387722
sample_059b470addee.jpg,Cedula_Celeste,176.86033985217975
sample_39d00b2aacec.jpg,Cedula_Celeste,178.43064519525103
sample_9e280a168fba.jpg,Cedula_Celeste,172.27338238090277
sample_23d2afcaf411.jpg,Cedula_Celeste,93.53718332408316
sample_b89a135929d0.jpg,Cedula_Celeste,357.87890360333853
sample_f1bdbbad95eb.jpg,Cedula_Celeste,359.5659493678606
sample_61abfe70b366.jpg,Cedula_Celeste,184.7636416907262
sample_701be7fc6567.jpg,Cedula_Celeste,0.0
sample_d12f9552be3f.jpg,Cedula_Celeste,183.95317950179725
sample_35cb18f7781c.jpg,Cedula_Celeste,358.6521127198014
sample_c249fcf1702d.jpg,Cedula_Celeste,8.056834133846554
sample_5eb4a347e96b.jpg,Cedula_Celeste,3.846030090047376
sample_5abed16033a2.jpg,Cedula_Celeste,179.30693969728875
sample_d7516fdfcd27.jpg,Cedula_Celeste,169.0026680536784
sample_8fe796d4ae1f.jpg,Cedula_Celeste,186.00900595749454
sample_679318fa4520.jpg,Cedula_Celeste,2.009553813021139
sample_0f3db5ec41f6.jpg,Cedula_Celeste,188.72727769517277
sample_19845c36bed3.jpg,Cedula_Celeste,183.01278750418334
sample_495ea3f58e45.jpg,Cedula_Celeste,0.0
sample_ea9fc96dc2ac.jpg,Cedula_Celeste,180.0
sample_db7a2b3f2a45.jpg,Cedula_Celeste,191.5346206536447
sample_e99251eb64e3.jpg,Cedula_Celeste,0.0
sample_04529d647cc8.jpg,Cedula_Celeste,180.0
sample_74c1dc89e88e.jpg,Cedula_Celeste,0.0
sample_91829a33934e.jpg,Cedula_Celeste,358.0502583278931
sample_e7c406a0d7ee.jpg,Cedula_Celeste,0.0
sample_23170a7b51e0.jpg,Cedula_Celeste,0.0
sample_f6916562b395.jpg,Cedula_Celeste,356.7223240478097
sample_c3fc9aa4bc71.jpg,Cedula_Celeste,3.517854395801778
sample_000f0673c8f1.jpg,Cedula_Celeste,0.0
sample_cb0264d4015b.jpg,Cedula_Celeste,175.48601154199872
sample_39d831636e89.jpg,Cedula_Celeste,182.86240522611175
sample_3493d22bd961.jpg,Cedula_Celeste,0.0
sample_c06e856e52d2.jpg,Cedula_Celeste,0.0
sample_11a9aa130b17.jpg,Cedula_Celeste,0.0
sample_bcfdfd705312.jpg,Cedula_Celeste,192.3119618077463
sample_3b4c0dab5b41.jpg,Cedula_Celeste,353.2901631922431
sample_19fc9cc00d03.jpg,Cedula_Celeste,1.3531919537796904
sample_e06ea9b5d5a7.jpg,Cedula_Celeste,1.507435758774968
sample_9fc09f1c7664.jpg,Cedula_Celeste,1.8702180957484595
sample_d3035ebfa631.jpg,Cedula_Celeste,0.0
sample_6917dcd659fe.jpg,Cedula_Celeste,173.36748538486154
sample_090d5c988a7b.jpg,Cedula_Celeste,182.61334627530923
sample_a7d254a801f7.jpg,Cedula_Celeste,0.0
sample_bf037505bcd3.jpg,Cedula_Celeste,179.10830889247814
sample_40e385a67e03.jpg,Cedula_Celeste,178.21803940967337
sample_ee6a3129d543.jpg,Cedula_Celeste,3.54476645559488
sample_7427b8e98ffa.jpg,Cedula_Celeste,0.0
sample_5d72f19cab3a.jpg,Cedula_Celeste,180.0
sample_641e155a75b5.jpg,Cedula_Celeste,10.40224676510433
sample_3b89b43bd651.jpg,Cedula_Celeste,266.9151876695024
sample_2da79e145878.jpg,Cedula_Celeste,0.2754583561352399
sample_fbf0c1ee79c7.jpg,Cedula_Celeste,0.0
sample_8c4a95c079f5.jpg,Cedula_Celeste,0.0
sample_73b057207596.jpg,Cedula_Celeste,0.0
sample_ecbffb9fde90.jpg,Cedula_Celeste,4.84400037508068
sample_aa2accf61bc8.jpg,Cedula_Celeste,1.6568539475224957
sample_7422ca233695.jpg,Cedula_Celeste,356.0716927746023
sample_22738e99f44f.jpg,Cedula_Celeste,355.15599962491933
sample_6392abeb8ec1.jpg,Cedula_Celeste,167.19573393471325
sample_c0072efab28e.jpg,Cedula_Celeste,181.6776394661535
sample_11c19ffe45f8.jpg,Cedula_Celeste,184.0183089935941
sample_d8cb94ec115f.jpg,Cedula_Celeste,0.0
sample_c232711cd84f.jpg,Cedula_Celeste,180.0
sample_46872e3ef4ca.jpg,Cedula_Celeste,180.0
sample_64c2ba585a14.jpg,Cedula_Celeste,0.0
sample_59528dee314d.jpg,Cedula_Celeste,356.79478406898653
sample_bec06c44a961.jpg,Cedula_Celeste,357.91322272442926
sample_a9eb1cfdce7f.jpg,Cedula_Celeste,357.6337520085442
sample_22527fd80e0e.jpg,Cedula_Celeste,4.006391471627239
sample_e73d97fe168b.jpg,Cedula_Celeste,180.0
sample_5a65b4d2f5c9.jpg,Cedula_Celeste,177.08156527921844
sample_cc598d409a68.jpg,Cedula_Celeste,0.7073193685442566
sample_c37baef4fb5c.jpg,Cedula_Celeste,0.2301022950972138
sample_bcd7fd115581.jpg,Cedula_Celeste,5.41702211385661
sample_7779622a0922.jpg,Cedula_Celeste,4.118189703988783
sample_c1fb5b543265.jpg,Cedula_Celeste,179.5398028320213
sample_5cee164601f4.jpg,Cedula_Celeste,0.0
sample_031c4da6643f.jpg,Cedula_Celeste,175.3104556226539
sample_8415f1b25c1b.jpg,Cedula_Celeste,186.66961984231233
sample_cc160c1fe979.jpg,Cedula_Celeste,357.1505254393228
sample_e24ffc8c63f9.jpg,Cedula_Celeste,2.457538148177109
sample_a76cd7a0d79f.jpg,Cedula_Celeste,178.87669728592456
sample_230f7183cc28.jpg,Cedula_Celeste,1.3322198538696388
sample_dd9b3b878977.jpg,Cedula_Celeste,180.87135151767836
sample_7d43a819cf14.jpg,Cedula_Celeste,0.0
sample_2c60d283d5b6.jpg,Cedula_Celeste,0.0
sample_d4fd02fa1fc5.jpg,Cedula_Celeste,358.8403247915164
sample_8da49f2c5e0e.jpg,Cedula_Celeste,357.3085899842216
sample_a8476761d953.jpg,Cedula_Celeste,5.734327924672677
sample_e3255870f1d5.jpg,Cedula_Celeste,176.99933858653785
sample_5da90d15e3b0.jpg,Cedula_Celeste,3.712460941182431
sample_41fdbba09358.jpg,Cedula_Celeste,9.727578551401605
sample_985845467973.jpg,Cedula_Celeste,3.07039434131038
sample_e739db69a0a1.jpg,Cedula_Celeste,356.38137051985564
sample_fd3b20ef6e4d.jpg,Cedula_Celeste,356.4236656250026
sample_45e2744c3fa4.jpg,Cedula_Celeste,0.0
sample_a2b1fdb27e93.jpg,Cedula_Celeste,357.38665372469075
sample_b6e83274548c.jpg,Cedula_Celeste,0.0
sample_6ab13dac0e51.jpg,Cedula_Celeste,8.64693170795307
sample_e01ed18a121a.jpg,Cedula_Celeste,6.367179864268677
sample_7bc119e868ac.jpg,Cedula_Celeste,357.57366416839767
sample_b4f1fe990d73.jpg,Cedula_Celeste,0.0
sample_ce80dde61064.jpg,Cedula_Celeste,349.81758022421405
sample_e4154ababa78.jpg,Cedula_Celeste,0.0
sample_54902bcaf78d.jpg,Cedula_Celeste,0.0
sample_8192910fb31b.jpg,Cedula_Celeste,4.642037813507533
sample_91dd00009495.jpg,Cedula_Celeste,358.7759174778238
sample_e6631655e686.jpg,Cedula_Celeste,0.0
sample_23764a449e23.jpg,Cedula_Celeste,0.0
sample_d7b657766d5a.jpg,Cedula_Celeste,356.2194314656989
sample_85b645c61c95.jpg,Cedula_Celeste,5.971565897796431
sample_35f54a5a303c.jpg,Cedula_Celeste,0.0
sample_5d9cc717c099.jpg,Cedula_Celeste,358.32934672860006
sample_3987396da32d.jpg,Cedula_Celeste,6.009005957494525
sample_52939eb63396.jpg,Cedula_Celeste,0.0
sample_0dcc4d8b9b52.jpg,Cedula_Celeste,352.4714989160394
sample_a08eca3df748.jpg,Cedula_Celeste,0.0
sample_0d2aff126a64.jpg,Cedula_Celeste,4.264163349152725
sample_4acc71f98fc5.jpg,Cedula_Celeste,352.8157326075731
sample_1c9739e795a2.jpg,Cedula_Celeste,4.398705354995532
sample_de1b47f1011a.jpg,Cedula_Celeste,177.09618113490373
sample_b2286fd27186.jpg,Cedula_Celeste,183.50799497573385
sample_56c1b7553560.jpg,Cedula_Guayaquil,352.335706728609
sample_36de3f038afb.jpg,Cedula_Guayaquil,0.0
sample_240c779c93c2.jpg,Cedula_Guayaquil,0.0
sample_78d1d75ebda4.jpg,Cedula_Guayaquil,0.0
sample_301faa958d87.jpg,Cedula_Guayaquil,356.09064882501116
sample_49ce1793297d.jpg,Cedula_Guayaquil,0.0
sample_5d6b8d0c39ca.jpg,Cedula_Guayaquil,358.5913712646615
sample_edaa2c9c8bc3.jpg,Cedula_Guayaquil,181.1457628381751
sample_7e26ef4bbbac.jpg,Cedula_Guayaquil,353.47335123839554
sample_54fb6d23efff.jpg,Cedula_Guayaquil,1.6299278853841697
sample_fd11b1012d6a.jpg,Cedula_Guayaquil,4.219095349248455
sample_4d65c74e82c9.jpg,Cedula_Guayaquil,0.0
sample_f1ce09213f1b.jpg,Cedula_Guayaquil,0.0
sample_5a0e5d4afe47.jpg,Cedula_Guayaquil,5.363069420046713
sample_1477965acb04.jpg,Cedula_Guayaquil,7.709333080033923
sample_2c87b6e349fc.jpg,Cedula_Guayaquil,355.710846671181
sample_fb40993f63f2.jpg,Cedula_Guayaquil,2.309062789025683
sample_3500c520a278.jpg,Cedula_Guayaquil,2.509364739851702
sample_26502155c65d.jpg,Cedula_Guayaquil,358.1888792078093
sample_54c7167f8224.jpg,Cedula_Guayaquil,4.301758274059086
sample_ab458cb7bdf1.jpg,Cedula_Guayaquil,354.50310749426444
sample_f2bfa74eeb02.jpg,Cedula_Guayaquil,184.89909245378774
sample_1cd32cfbd1bd.jpg,Cedula_Guayaquil,0.0
sample_34902541fb51.jpg,Cedula_Guayaquil,5.214928291301287
sample_6d390f526620.jpg,Cedula_Guayaquil,357.0297693928035
sample_fbe7d86db16e.jpg,Cedula_Guayaquil,349.59228868750995
sample_321b0508abf3.jpg,Cedula_Guayaquil,0.0
sample_fc475e67b4eb.jpg,Cedula_Guayaquil,0.0
sample_c47deb2c811a.jpg,Cedula_Guayaquil,2.6942842898561006
sample_fbf0d192aed6.jpg,Cedula_Guayaquil,354.15543412261314
sample_3b88a3945d44.jpg,Cedula_Guayaquil,3.5322945838908875
sample_e47d03ac488d.jpg,Cedula_Guayaquil,353.0816135933063
sample_d85b5b1b1608.jpg,Cedula_Guayaquil,357.9299693469589
sample_0d744ae7e4e6.jpg,Cedula_Guayaquil,357.68159895896866
sample_3553c997a255.jpg,Cedula_Guayaquil,1.847610265994596
sample_f05f78ee3eef.jpg,Cedula_Guayaquil,358.80651057601796
sample_0c7b86549bab.jpg,Cedula_Guayaquil,0.4565304140990488
sample_0212d5a1ad4d.jpg,Cedula_Guayaquil,357.4906352601483
sample_41fb0c98403b.jpg,Cedula_Guayaquil,0.0
sample_006a282c171a.jpg,Cedula_Guayaquil,3.4893249057963907
sample_e3efbb49bba2.jpg,Cedula_Guayaquil,2.614429596595444
sample_c17d78d0710e.jpg,Cedula_Guayaquil,5.752924699441183
sample_3ceb53875c41.jpg,Cedula_Guayaquil,358.4991439127066
sample_613754cfc37b.jpg,Cedula_Guayaquil,1.9580674292340408
sample_c3b419e8086a.jpg,Cedula_Guayaquil,357.17603971075766
sample_cbed21754e1a.jpg,Cedula_Guayaquil,355.4546646912512
sample_025767f9c9a6.jpg,Cedula_Guayaquil,355.20174896312795
sample_2ac83e098c84.jpg,Cedula_Guayaquil,358.45184230102205
sample_a87e7c568dc8.jpg,Cedula_Guayaquil,355.0404760655605
sample_c1ddc04ac4ac.jpg,Cedula_Guayaquil,4.067519566580148
sample_ead6bf17e0de.jpg,Cedula_Guayaquil,0.0
sample_2a9f8f92e6fc.jpg,Cedula_Guayaquil,2.194167352598712
sample_40848cee33a2.jpg,Cedula_Guayaquil,0.0
sample_a218996b2136.jpg,Cedula_Guayaquil,356.3016156283981
sample_793489e12fc0.jpg,Cedula_Guayaquil,358.2642954110716
sample_dd73945b5b5a.jpg,Cedula_Guayaquil,359.33120804703134
sample_a5b4d24bac35.jpg,Cedula_Guayaquil,5.063616853030085
sample_c615a2911a49.jpg,Cedula_Guayaquil,2.7591076586202736
sample_082cec590a00.jpg,Cedula_Guayaquil,0.2212181266648663
sample_d98632b1214e.jpg,Cedula_Guayaquil,358.33627499570844
sample_e3ae9bc4f2db.jpg,Cedula_Guayaquil,6.869992308214259
sample_b30872a576ad.jpg,Cedula_Guayaquil,355.29490302273376
sample_e99b4f7cabb0.jpg,Cedula_Guayaquil,1.4751018008569667
sample_c23ec0a6a643.jpg,Cedula_Guayaquil,2.901910468883643
sample_6766217538f2.jpg,Cedula_Guayaquil,356.4513180260956
sample_b64c952970ca.jpg,Cedula_Guayaquil,358.83561195987613
sample_9f8c62217735.jpg,Cedula_Guayaquil,354.3120087467375
sample_311f0672bb0b.jpg,Cedula_Guayaquil,358.16716049405795
sample_67c2484bc583.jpg,Cedula_Guayaquil,352.67025228324127
sample_be7929526493.jpg,Cedula_Guayaquil,359.32063524453474
sample_2374334c2d5e.jpg,Cedula_Guayaquil,0.0
sample_1a177038120e.jpg,Cedula_Guayaquil,0.0
sample_7998cff6beab.jpg,Cedula_Guayaquil,10.753680246939542
sample_fe7e3acb31a9.jpg,Cedula_Guayaquil,0.6535356806778135
sample_42c8feac8ea1.jpg,Cedula_Guayaquil,3.394923542118278
sample_5bc90db11ecd.jpg,Cedula_Guayaquil,0.0
sample_f02b78e5d6c1.jpg,Cedula_Guayaquil,0.0
sample_13ebbdc115ef.jpg,Cedula_Guayaquil,356.0206175473218
sample_3e7cbd047d6f.jpg,Cedula_Guayaquil,355.6839724801344
sample_8cc995987cfc.jpg,Cedula_Guayaquil,4.449847066655931
sample_c7467aabc17a.jpg,Cedula_Guayaquil,0.0
sample_68257c5355e1.jpg,Cedula_Guayaquil,356.845157135208
sample_5611f0634802.jpg,Cedula_Guayaquil,0.9277857744616792
sample_fd37f8a8178f.jpg,Cedula_Guayaquil,1.4961913708292305
sample_f2bc123dcad6.jpg,Cedula_Guayaquil,356.8995085501922
sample_47359b78c0df.jpg,Cedula_Guayaquil,3.894978168706871
sample_e8b37cfe525b.jpg,Cedula_Guayaquil,356.4375454162799
sample_116cff556569.jpg,Cedula_Guayaquil,359.7540968767293
sample_196bdbfadf1e.jpg,Cedula_Guayaquil,356.3233981132111
sample_2441bd203e82.jpg,Cedula_Guayaquil,0.0
sample_12e898e1db87.jpg,Cedula_Guayaquil,0.0
sample_ba0e34e00784.jpg,Cedula_Guayaquil,0.0
sample_e2df10ccb4cf.jpg,Cedula_Guayaquil,0.0
sample_a35945d1bcab.jpg,Cedula_Guayaquil,0.0
sample_82a7b309869d.jpg,Cedula_Guayaquil,3.979382452678205
sample_32305b4690f2.jpg,Cedula_Guayaquil,357.0351386908398
sample_7443597ebb6b.jpg,Cedula_Guayaquil,1.127724025858696
sample_50ff66b13a80.jpg,Cedula_Guayaquil,5.089836509287872
sample_9eab6163af35.jpg,Cedula_Guayaquil,356.83271273884804
sample_f45b1e2ed6c4.jpg,Cedula_Guayaquil,0.0
sample_d1046ad29ae1.jpg,Cedula_Guayaquil,0.0
sample_72688bb7e71c.jpg,Cedula_Guayaquil,357.1808940511267
sample_e68cb0a99191.jpg,Cedula_Guayaquil,184.80348575906908
sample_720c6ab92603.jpg,Cedula_Guayaquil,356.8575042229272
sample_9dd257d97ec5.jpg,Cedula_Guayaquil,354.0025994260845
sample_8b34f04899b3.jpg,Cedula_Guayaquil,357.7717163440584
sample_69f84f71d4a7.jpg,Cedula_Guayaquil,0.0
sample_813b86e1f404.jpg,Cedula_Guayaquil,0.0
sample_ff3b7115b91d.jpg,Cedula_Guayaquil,357.0207514848716
sample_e55cae95361c.jpg,Cedula_Guayaquil,6.454920826677264
sample_239a6ecf7a95.jpg,Cedula_Guayaquil,7.736219012040251
sample_9856e0622041.jpg,Cedula_Guayaquil,356.2155200905121
sample_bc7cd8f4e44a.jpg,Cedula_Guayaquil,353.1746735355244
sample_4bef2a0130c9.jpg,Cedula_Guayaquil,0.0
sample_f66c89c2df94.jpg,Cedula_Guayaquil,357.78034444680213
sample_ef940bdd9d23.jpg,Cedula_Guayaquil,0.0
sample_5b9f7fc32b5b.jpg,Cedula_Guayaquil,2.668634569344275
sample_a8c50d192fa5.jpg,Cedula_Guayaquil,0.0
sample_d67dbd118518.jpg,Cedula_Guayaquil,0.0
sample_ae4bcc5d2386.jpg,Cedula_Guayaquil,0.0
sample_0f5563a5bef0.jpg,Cedula_Guayaquil,3.249111560720689
sample_e0fda7fe8fe3.jpg,Cedula_Guayaquil,354.14994479428265
sample_94511ee66fb1.jpg,Cedula_Guayaquil,2.318401041031315
sample_f9f78de48895.jpg,Cedula_Guayaquil,9.420652557544637
sample_5243cb9087df.jpg,Cedula_Guayaquil,4.507770793401352
sample_a8a885a16f0a.jpg,Cedula_Guayaquil,354.66784111834045
sample_924eb75c657e.jpg,Cedula_Guayaquil,4.500113708420656
sample_e3ef34c02632.jpg,Cedula_Guayaquil,0.0
sample_b709388d2ab8.jpg,Cedula_Guayaquil,356.98721249581666
sample_25a220a6a8f6.jpg,Cedula_Guayaquil,356.3165136108395
sample_cd3903b16e3b.jpg,Cedula_Guayaquil,354.28940686250036
sample_9101dc60970c.jpg,Cedula_Guayaquil,0.0
sample_958d55e28caa.jpg,Cedula_Guayaquil,9.50553168664626
sample_68a5a814b702.jpg,Cedula_Guayaquil,353.9497641771012
sample_fa80f1ab3462.jpg,Cedula_Guayaquil,355.0020579060721
sample_1fd6af304e99.jpg,Cedula_Guayaquil,8.803305640729365
sample_33113863ad35.jpg,Cedula_Guayaquil,0.0
sample_333e5149665c.jpg,Cedula_Guayaquil,0.0
sample_5ee84a3d5780.jpg,Cedula_Guayaquil,0.0
sample_45ba2aa4e77c.jpg,Cedula_Guayaquil,5.589868959827794
sample_c23090d2f1b2.jpg,Cedula_Guayaquil,3.4093360204901466
sample_e24c5413d2b9.jpg,Cedula_Guayaquil,356.09430086292787
sample_dacd86ad9e80.jpg,Cedula_Guayaquil,359.0411643387505
sample_472abf524ff7.jpg,Cedula_Guayaquil,354.5258717993908
sample_e5edc1d18486.jpg,Cedula_Guayaquil,354.28940686250036
sample_40f26b1cdcb8.jpg,Cedula_Guayaquil,0.0
sample_cf5b86d6ffce.jpg,Cedula_Guayaquil,0.0
sample_5458c181461e.jpg,Cedula_Guayaquil,1.7623910236605125
sample_97d40728deab.jpg,Cedula_Guayaquil,353.4353157086659
sample_c5195dae2423.jpg,Cedula_Guayaquil,9.044666534410648
sample_996c6344d1ff.jpg,Cedula_Guayaquil,355.99360852837276
sample_2978505fcced.jpg,Cedula_Guayaquil,358.4695608179852
sample_207eaabbaade.jpg,Cedula_Guayaquil,0.0
sample_2548f49f4b79.jpg,Cedula_Guayaquil,0.0
sample_7705eb86cf31.jpg,Cedula_Guayaquil,357.50140561058134
sample_f45b11efff0d.jpg,Cedula_Guayaquil,350.1206094204909
sample_02f863a0bb33.jpg,Cedula_Guayaquil,356.7602997038979
sample_535cb40d2434.jpg,Cedula_Guayaquil,358.17445769267016
sample_06514260ed6f.jpg,Cedula_Guayaquil,5.153908561227802
sample_219b58875fba.jpg,Cedula_Guayaquil,0.0
sample_279c61733d62.jpg,Cedula_Guayaquil,0.0
sample_f692cd1be28e.jpg,Cedula_Guayaquil,0.0
sample_907f5ed3220c.jpg,Cedula_Guayaquil,0.0
sample_782a760932b8.jpg,Cedula_Guayaquil,358.0021201435233
sample_9d858db00cae.jpg,Cedula_Guayaquil,355.4735247209012
sample_3c28042c5a05.jpg,Cedula_Guayaquil,342.31889951014875
sample_c2d830499fc7.jpg,Cedula_Guayaquil,27.34987578006988
sample_2d6b105a8a82.jpg,Licencias,353.97171119170343
sample_e6f661476b81.jpg,Licencias,1.5951663958111832
sample_17e9eeae4d06.jpg,Licencias,359.27933637748237
sample_61201afcad3d.jpg,Licencias,178.71747291728985
sample_b845a39914d0.jpg,Licencias,359.78379053753764
sample_0e6b8230fbbd.jpg,Licencias,1.263672551658268
sample_0c6989fe2c27.jpg,Licencias,0.2246881796245023
sample_e6e06133bd3d.jpg,Licencias,358.98781238601754
sample_7e8b34d5d68b.jpg,Licencias,0.0
sample_75981fb47fee.jpg,Licencias,177.40724535979967
sample_b43b14b0ba9b.jpg,Licencias,178.93514530654105
sample_2aa4d74aed49.jpg,Licencias,3.1060270956164304
sample_95191f2a7ab1.jpg,Licencias,0.8487642715535872
sample_9c4039926894.jpg,Licencias,1.114563272484713
sample_0b0f85e4dab3.jpg,Licencias,179.3489396197705
sample_40a8f1aeccbe.jpg,Licencias,358.38969939750103
sample_2cc8c60ac793.jpg,Licencias,1.3019526725788753
sample_bb7c2ae75fcf.jpg,Licencias,1.7899106082460694
sample_1214533a1b2f.jpg,Licencias,5.836628524869507
sample_0a19b216e25a.jpg,Licencias,353.99099404250546
sample_961864e38b53.jpg,Licencias,1.2777609076285774
sample_633b77993a0b.jpg,Licencias,0.0
sample_58be170713ea.jpg,Licencias,8.163945102442934
sample_db4fc257c616.jpg,Licencias,358.2100893917539
sample_60124298e469.jpg,Licencias,0.0
sample_9055513e3624.jpg,Licencias,0.0
sample_76ffef26cdca.jpg,Licencias,4.271422017383911
sample_329cac232fe2.jpg,Licencias,8.063246165697251
sample_59c2f0f09c10.jpg,Licencias,0.2348174537936387
sample_8525c506cb8c.jpg,Licencias,0.0
sample_7d0a248a73bc.jpg,Licencias,2.613346275309236
sample_12f4473170c0.jpg,Licencias,1.893385845746274
sample_52a8998e4029.jpg,Licencias,180.0
sample_057524961c57.jpg,Licencias,0.0
sample_7637a3d86ecf.jpg,Licencias,0.0
sample_be00e1578e9d.jpg,Licencias,5.98495231511541
sample_3b072437385d.jpg,Licencias,0.0
sample_0449342efa4c.jpg,Licencias,4.705096977266242
sample_975f5ad5eff9.jpg,Licencias,355.32258214111823
sample_1c07a43664f9.jpg,Licencias,3.559266821283213
sample_c4f08d2abb5c.jpg,Licencias,0.0
sample_a1533df79079.jpg,Licencias,357.26066427808144
sample_a71053a9d52a.jpg,Licencias,353.8496184714952
sample_11f8159a9778.jpg,Licencias,0.0
sample_8bdc4d297935.jpg,Licencias,181.10170611520635
sample_200c5cdbf4e7.jpg,Licencias,3.747644974766046
sample_2604e273ea8c.jpg,Licencias,0.0
sample_00984c807baa.jpg,Licencias,354.92039213998544
sample_3f6a3c1e9b64.jpg,Licencias,178.65737597346225
sample_d0392bcfaf4b.jpg,Licencias,359.06844340192254
sample_d03036f38fa0.jpg,Licencias,355.38228802750604
sample_58f8c1a34758.jpg,Licencias,7.463494459985338
sample_e183e995950f.jpg,Licencias,359.33120804703134
sample_4a71d22d1683.jpg,Licencias,359.534190917235
sample_aa08ed1b21fb.jpg,Licencias,174.35412345340424
sample_d1f6bf5a0084.jpg,Licencias,9.251986223709062
sample_8c6ab988fa02.jpg,Licencias,357.25191181994626
sample_c5d01e4d4b4d.jpg,Licencias,1.3426240265377571
sample_e3c456cc29b1.jpg,Licencias,0.0
sample_c125719d10c6.jpg,Licencias,5.710593137499642
sample_66c282edfea6.jpg,Licencias,0.0
sample_50a616055bd5.jpg,Licencias,356.37851529588266
sample_f7aeee509d5f.jpg,Licencias,0.0
sample_bb055ca3a8ee.jpg,Licencias,0.0
sample_8c4cf6e42e49.jpg,Licencias,357.67218491095883
sample_74204289da4c.jpg,Licencias,352.90424604871384
sample_f89f8a02f612.jpg,Licencias,168.6900675259798
sample_d2b6c69abfe9.jpg,Licencias,3.8901244040618215
sample_ad4b07772266.jpg,Licencias,356.7819387162058
sample_1524fa51c07e.jpg,Licencias,0.0
sample_afe5f79afee9.jpg,Licencias,4.537772507906652
sample_e556e034fb88.jpg,Licencias,6.723349963051916
sample_db8314ff72e2.jpg,Licencias,358.88975565677947
sample_dce2f7394bba.jpg,Licencias,356.72951207681643
sample_a099ddab432c.jpg,Licencias,0.0
sample_2c5e5c201b99.jpg,Licencias,0.228268830153421
sample_710536868b3f.jpg,Licencias,0.0
sample_6a9385f56c59.jpg,Licencias,357.06432655357884
sample_50553464e61b.jpg,Licencias,6.488115116510543
sample_b2bb3e1f60e1.jpg,Licencias,359.0869971331846
sample_ec436094f0d0.jpg,Licencias,355.96819890192626
sample_0b85e0d086d7.jpg,Licencias,10.47423482822582
sample_5b188c791a5f.jpg,Licencias,355.6567600483106
sample_93290ca2feda.jpg,Licencias,359.2808438834549
sample_4516e06cf80d.jpg,Licencias,354.6369305799533
sample_746b64d428c8.jpg,Licencias,357.8613174223337
sample_5456d1cce077.jpg,Licencias,12.220919331930434
sample_356f41dff325.jpg,Licencias,13.29857033049428
sample_1605ac832b90.jpg,Licencias,357.8434373252852
sample_b23271002477.jpg,Licencias,358.10661415425375
sample_c36eeb34a47a.jpg,Licencias,356.6050764578817
sample_037871235cf1.jpg,Licencias,0.0
sample_ed92cdec7a22.jpg,Licencias,1.5693548047489854
sample_a1b27fcf45f3.jpg,Licencias,2.442415310657095
sample_1c52674eccd3.jpg,Licencias,0.9669255716443012
sample_3f617226683c.jpg,Licencias,9.74859424168536
sample_529ded44722a.jpg,Licencias,359.0411643387505
sample_daa523b5f55a.jpg,Licencias,0.0
sample_067884c65a05.jpg,Licencias,4.067519566580148
sample_f34ade9aa0b0.jpg,Licencias,359.74980167980243
sample_c2150b28aabc.jpg,Licencias,7.217379159029216
sample_d68f5959eb38.jpg,Licencias,4.722406879915756
sample_fb028ecae13c.jpg,Licencias,0.2427772737668228
sample_04af668c22a0.jpg,Licencias,3.90049374238189
sample_c3e3f0186331.jpg,Licencias,11.309932474020211
sample_6b81f5676929.jpg,Otros,0.2203672961231626
sample_1810985d0618.jpg,Otros,92.111902593866
sample_78b30cb86120.jpg,Otros,268.9520233539935
sample_f340cc581231.jpg,Otros,259.3150875999973
sample_296cedbd663d.jpg,Otros,271.5140733606351
sample_b63f70d21959.jpg,Otros,180.10286484372403
sample_a845fa38cfa2.jpg,Otros,88.13388035667704
sample_6bf469acab0e.jpg,Otros,1.3447243887023312
sample_1d73fe332745.jpg,Otros,270.38367136013864
sample_ba6c3e7caf89.jpg,Otros,271.58101077996065
sample_90d5cb815677.jpg,Otros,270.30748781457777
sample_9804789d25db.jpg,Otros,88.78628794224619
sample_c93b56d580e6.jpg,Otros,270.93919094573556
sample_fdecdddd52fa.jpg,Otros,19.17900802581072
sample_ad039d15110b.jpg,Otros,0.0
sample_94bccd0479c4.jpg,Otros,0.0
sample_d243b6d90d0f.jpg,Otros,178.91085783010348
sample_59750de25ec6.jpg,Otros,179.7540968767293
sample_98f37af2161f.jpg,Otros,354.5361571867634
sample_f30f2b93efe8.jpg,Otros,0.0
sample_c81b5a2bface.jpg,Otros,180.51849968729067
sample_17cccc3acf9e.jpg,Otros,174.4885225839794
sample_6e8afb5eff73.jpg,Otros,177.45005098703982
sample_7affce4aa028.jpg,Otros,179.76989770490275
sample_5cc37df12230.jpg,Otros,89.02897806892084
sample_3a01e0f1f9d8.jpg,Otros,180.0
sample_43e20f7ae649.jpg,Otros,185.71059313749964
sample_0eaa80e411eb.jpg,Otros,173.21102542556122
sample_e01322cb1be3.jpg,Otros,352.90525083238896
sample_28a8bddae7e0.jpg,Otros,4.741789754519062
sample_6a1922eb5ca8.jpg,Otros,177.62394478199369
sample_92c2fa702058.jpg,Otros,5.931526924919763
sample_1bf7bbb47135.jpg,Otros,358.3153156821037
sample_c49414fcfb25.jpg,Otros,355.8624064158559
sample_85c668c9cb24.jpg,Otros,359.3097228021349
sample_54a2fc0017d2.jpg,Otros,179.74421696926075
sample_17139189d75f.jpg,Otros,179.7735356476588
sample_61c65b11034d.jpg,Otros,181.40862873533845
sample_920e160890e7.jpg,Otros,270.3148088073891
sample_ec60c5a4ca58.jpg,Otros,358.4377750831576
sample_12379e561d39.jpg,Otros,178.47923033885624
sample_dd9e4506f20b.jpg,Otros,178.89829388479365
sample_f04d93e2de8e.jpg,Otros,182.26050191114126
sample_e65446f4ee63.jpg,Otros,0.5003870987922329
sample_bc3111d34cfd.jpg,Otros,90.54565759341573
sample_d6793ce09a02.jpg,Otros,356.6636632977867
sample_5456d5dd11b5.jpg,Otros,179.7383772543052
sample_cb386fe7493d.jpg,Otros,0.9548412538721888
sample_8fdc8471c5e1.jpg,Otros,355.318121763601
sample_b7a5a6220c45.jpg,Otros,353.1957404373916
sample_38d578b9e7ac.jpg,Otros,355.49222920659867
sample_ab9d9cfc9d7e.jpg,Otros,357.6140559696112
sample_7e0f6ac84478.jpg,Otros,179.19307054489764
sample_d585026ff6a0.jpg,Otros,272.4575381481771
sample_6c50bcfb0e6c.jpg,Otros,4.184916125118416
sample_2b321958463a.jpg,Otros,177.08467788335747
sample_c53599f777e7.jpg,Otros,183.32464910711082
sample_7a3ba5a98c5e.jpg,Otros,89.47436539354239
sample_8d2b2ca04077.jpg,Otros,181.03535318654494
sample_581b02ee8aaa.jpg,Otros,89.77173116984659
sample_fefd1e8bb1ac.jpg,Otros,181.64328065449274
sample_8a6a72d384aa.jpg,Otros,359.55927192723897
sample_1ac09e7071ca.jpg,Otros,182.81555668421123
sample_97f0d4e8a177.jpg,Otros,185.62124306643946
sample_89f1a4aadba1.jpg,Otros,180.43903952568166
sample_8d4ad7d6cd0a.jpg,Otros,187.66680426181418
sample_37502fe46727.jpg,Otros,0.913002866815424
sample_65070707ba41.jpg,Otros,87.56805005408242
sample_23d123dbd953.jpg,Otros,180.23774045929298
sample_897a1740d405.jpg,Otros,0.0
sample_35c4515fa6ee.jpg,Otros,10.1506482802674
sample_89e7a28c340e.jpg,Otros,3.613880752003644
sample_f60646b9a6fe.jpg,Otros,179.5398028320213
sample_7710f167762f.jpg,Otros,179.1512357284464
sample_7dbc78413857.jpg,Otros,83.8298249049704
sample_77cd2633a653.jpg,Otros,1.9497416721068856
sample_b3cb875780d3.jpg,Otros,2.1124112702291
sample_6820a5ad2dce.jpg,Otros,0.4735080587349263
sample_87e3f5993cca.jpg,Otros,180.0
sample_05fc3f936efb.jpg,Otros,358.5121324711722
sample_fa7e02fd4712.jpg,Otros,85.96507248386904
sample_796818c8fba4.jpg,Otros,84.87180895814717
sample_480bf321c42f.jpg,Otros,0.351503439873352
sample_1cbbff372d47.jpg,Otros,90.25019832019755
sample_00d6558b5d87.jpg,Otros,8.74296595958403
sample_4307127e768d.jpg,Otros,358.8147391813776
sample_9100be7b0334.jpg,Otros,269.7310077063035
sample_d2236d107a83.jpg,Otros,277.67621475356054
sample_84a4f3eb2c03.jpg,Otros,267.9299693469589
sample_b9e0edd79d6e.jpg,Otros,86.72951207681643
sample_8f3a52cbef12.jpg,Papeleta,359.7359660187409
sample_735543aa6047.jpg,Papeleta,180.2677353387022
sample_1be184d31df1.jpg,Papeleta,179.72321094782225
sample_e52277efa413.jpg,Papeleta,1.8141919090299523
sample_5008098d805f.jpg,Papeleta,180.56447217530695
sample_6195ac2422c6.jpg,Papeleta,0.2754583561352399
sample_8bba787b66f9.jpg,Papeleta,180.57008844499887
sample_b63f2313272e.jpg,Papeleta,0.0
sample_d12f12723a70.jpg,Papeleta,1.0609116902642275
sample_5844b1936b03.jpg,Papeleta,0.5430716937237866
sample_8e452919c1e1.jpg,Papeleta,0.5379727301122598
sample_4f648c45f031.jpg,Papeleta,179.7271650169319
sample_f6980376fdac.jpg,Papeleta,358.69804732742114
sample_43140b3ce787.jpg,Papeleta,184.1849161251184
sample_01cac2f7dcc0.jpg,Papeleta,341.77
sample_5a74289d446f.jpg,Papeleta,178.64893491728034
sample_190f9fd90af5.jpg,Papeleta,0.0
sample_ae26d351d77a.jpg,Papeleta,358.54364136566033
sample_86b4d1090d49.jpg,Papeleta,2.1016543276712936
sample_6ca2fd90722d.jpg,Papeleta,192.29858984407986
sample_a3e033504765.jpg,Papeleta,1.576550055183732
sample_0d3fcb0aef12.jpg,Papeleta,4.763641690726178
sample_954b133ae289.jpg,Papeleta,177.51044707800085
sample_32a9208df60e.jpg,Papeleta,1.479635770896809
sample_7edc405cbe76.jpg,Papeleta,359.79390096261585
sample_bbbf0b3688a6.jpg,Papeleta,10.222168633636125
sample_91923147aecc.jpg,Papeleta,355.5673315313101
sample_1aa7caa51d49.jpg,Papeleta,180.0
sample_f01d2332a7ab.jpg,Papeleta,356.807527387068
sample_62d3887c486f.jpg,Papeleta,2.544804379813096
sample_8a1f7e9e50cf.jpg,Papeleta,0.0
sample_49d126ffd6f4.jpg,Papeleta,187.46707664026033
sample_5e14d7bd3cb6.jpg,Papeleta,2.9482507219327045
sample_51568ff6203f.jpg,Papeleta,182.707852887004
sample_d089df2b780f.jpg,Papeleta,5.389311759973409
sample_86cfa30708d7.jpg,Papeleta,176.82016988013575
sample_d477ac4238ac.jpg,Papeleta,180.7848246029919
sample_ae108d963038.jpg,Papeleta,357.3200260598921
sample_fd6cf59a1e00.jpg,Papeleta,0.0
sample_de7f06520c1f.jpg,Papeleta,359.74759731771087
sample_98f3d0035384.jpg,Papeleta,3.492593160856053
sample_ca4e8efce3c3.jpg,Papeleta,178.93908830973578
sample_9ba577462ad6.jpg,Papeleta,348.7940524925974
sample_461a7690aa2c.jpg,Papeleta,180.0
sample_dbc93592182a.jpg,Papeleta,17.102728969052375
sample_95b734a491a4.jpg,Papeleta,359.2559407971113
sample_f521b06ef31c.jpg,Papeleta,180.25925515150138
sample_8a6a5b35e24d.jpg,Papeleta,179.22925125460802
sample_74e196402e35.jpg,Papeleta,6.483073692897237
sample_01a236941504.jpg,Papeleta,180.0
sample_b2692c84d808.jpg,Papeleta,0.5208563745019587
sample_db6ea65e93a2.jpg,Papeleta,175.072890052351
sample_c8e0ed205b97.jpg,Papeleta,179.2868113649824
sample_caa6220cfea2.jpg,Papeleta,12.331139465988064
sample_5f77421b5ff5.jpg,Papeleta,349.7860270149295
sample_98fb690d887b.jpg,Papeleta,184.47946045235028
sample_ee8b9c7cdf78.jpg,Papeleta,180.2616227456948
sample_7487e882a06f.jpg,Papeleta,179.7322646612978
sample_89cc0e85ef1e.jpg,Papeleta,358.92414937920876
sample_e1e14ba90d86.jpg,Papeleta,176.42366562500266
sample_e0258343f7f1.jpg,Papeleta,359.0330744283557
sample_f21e8429233e.jpg,Papeleta,359.76027010391914
sample_0a2bbac846c4.jpg,Papeleta,4.359407844344818
sample_32d7aba0c259.jpg,Papeleta,184.2456107841029
sample_73e078f64b1a.jpg,Papeleta,1.1984816501184898
sample_cddbb73af177.jpg,Papeleta,1.7585285604391097
sample_ed14ccb5022b.jpg,Papeleta,0.2512956672089501
sample_060b0d9dee54.jpg,Papeleta,179.23948122286913
sample_b7a771bc38fb.jpg,Papeleta,178.2414714395609
sample_c2597b0c8e0e.jpg,Papeleta,357.06432655357884
sample_c686561e1ea8.jpg,Papeleta,176.55579748534672
sample_e826ae505fab.jpg,Papeleta,356.67852423665397
sample_704a8984488c.jpg,Papeleta,0.5070290609147756
sample_cf6c69a94a9f.jpg,Papeleta,2.036325454798276
sample_ae9aa10ae9a3.jpg,Papeleta,0.2580873513361871
sample_61134967406e.jpg,Papeleta,182.62640563829075
sample_286f3c1b6f11.jpg,Papeleta,0.0
sample_90165407b38b.jpg,Papeleta,359.25270612317394
sample_5e3ffca2a175.jpg,Papeleta,0.0
sample_9d3766e256ad.jpg,Papeleta,358.99930212214116
sample_77fa6eeca80b.jpg,Papeleta,355.05166624997565
sample_c5aa981c504a.jpg,Papeleta,179.4543424065843
sample_6aac7f8bc7c7.jpg,Papeleta,357.12454631601474
sample_6c590f5b5d8e.jpg,Papeleta,2.6630007660671438
sample_68ad6a6eb040.jpg,Papeleta,1.4040272191042868
sample_6be37b8d6f1c.jpg,Papeleta,178.91907581333933
sample_0540a0140e67.jpg,Papeleta,2.501622814281763
sample_f55cc6c84491.jpg,Papeleta,183.71899397315804
sample_b5da586b24b9.jpg,Papeleta,176.72951207681643
sample_3bd26fb5fb0c.jpg,Papeleta,178.6163130326315
sample_08eb20d81d1c.jpg,Papeleta,180.80692945510236
sample_4cb0296fed46.jpg,Papeleta,177.33699923393286
sample_1278263dbfec.jpg,Papeleta,13.519414114129388
sample_ab938118481b.jpg,Papeleta,0.5305013166738104
sample_44051afdce99.jpg,Papeleta,183.49259316085605
sample_0a28ebdb92d1.jpg,Papeleta,358.9087837747374
sample_197ff8e86b66.jpg,Papeleta,180.77074874539198
sample_5cfed72de1eb.jpg,Papeleta,179.73717716676347
sample_2ccff8391ea8.jpg,Papeleta,1.2137120577538092
sample_527626a89d6b.jpg,Papeleta,358.6921043983362
sample_85c6f206dced.jpg,Papeleta,180.75716886505853
sample_ffb8b550ae54.jpg,Papeleta,0.2604335678133705
sample_69fd147fb965.jpg,Papeleta,182.62640563829075
sample_c3a2f8ab182e.jpg,Papeleta,181.35106508271966
sample_602bb943b344.jpg,Papeleta,358.81881108667335
sample_58dbcb19bf68.jpg,Papeleta,179.42706130231653
sample_c428dc7f687a.jpg,Papeleta,184.62813753773233
sample_e5b6d2aa4ea3.jpg,Papeleta,181.01397872278528
sample_87fdeb04829b.jpg,Papeleta,350.30439007661755
sample_a5281bed60df.jpg,Papeleta,180.54826823630418
sample_57725e344bd1.jpg,Papeleta,180.8184554616886
sample_b441b1b904a8.jpg,Papeleta,359.2461516669292
sample_98cad7fa1834.jpg,Papeleta,183.05658044814945
sample_6297fe76e78e.jpg,Papeleta,172.81146285726336
sample_d33eeddd5550.jpg,Papeleta,178.80651057601798
sample_45ff9b9f784f.jpg,Papeleta,4.541995680266741
sample_87c5259108a4.jpg,Papeleta,3.914137218612427
sample_767dfc38a463.jpg,Papeleta,0.0
sample_df4c64ab401a.jpg,Papeleta,1.5481576989779675
sample_49626fb3ab57.jpg,Papeleta,355.6839724801344
sample_22d3824cd4cd.jpg,Papeleta,356.5557974853467
sample_46494ca3c67b.jpg,Papeleta,0.0
sample_e1f3eaf0b2b3.jpg,Papeleta,350.45086607126404
sample_02d8687bfb65.jpg,Papeleta,0.0
sample_0f2e12632056.jpg,Papeleta,355.1516952316051
sample_b86651eada51.jpg,Papeleta,0.0
sample_cae66d2ac790.jpg,Papeleta,354.99202810795975
sample_05b550b24317.jpg,Papeleta,0.0
sample_7f7a7af7ba63.jpg,Papeleta,355.19204603696954
sample_2eaed686564a.jpg,Papeleta,357.2257226886992
sample_959d44607b30.jpg,Papeleta,357.70938995736145
sample_9fda8ce3b4c9.jpg,Papeleta,0.0
